<?xml version="1.0" encoding="UTF-8"?>
<beans xmlns="http://www.springframework.org/schema/beans"
	xmlns:xsi="http://www.w3.org/2001/XMLSchema-instance"
	xmlns:context="http://www.springframework.org/schema/context"
	xsi:schemaLocation="http://www.springframework.org/schema/beans
		https://www.springframework.org/schema/beans/spring-beans.xsd
		http://www.springframework.org/schema/context
		https://www.springframework.org/schema/context/spring-context.xsd">
	
	
	<context:component-scan base-package="com.tap.vaccine.controller" ></context:component-scan>
	<context:component-scan base-package="com.tap.vaccine.dao"></context:component-scan>
	<context:component-scan base-package="com.tap.vaccine.service"></context:component-scan>
	
	<bean class="org.springframework.orm.hibernate5.LocalSessionFactoryBean" id="sessionFactory">
    <property name="configLocation" value="/WEB-INF/hibernate.cfg.xml" />
</bean>
<bean class="org.springframework.mail.javamail.JavaMailSenderImpl">
	
		<property name="host" value="smtp.gmail.com"></property>
		<property name="username" value="phoebiebuffay1009@gmail.com"></property>
		<property name="password" value="xphr nfto izvc pkzr"></property>
		<property name="port" value="587"></property>
		<property name="javaMailProperties">
		<props>
			<prop key="mail.smtp.auth">true</prop>
			<prop key="mail.smtp.starttls.enable">true</prop>
			<prop key="mail.smtp.starttls.required">true</prop>
			
		
		</props>
		</property>
	</bean>
	

</beans>